"","Stream start time","End time","Stream length","Avg Viewers","Peak viewers","Followers gained","Followers per hour","Views","Views per hour","Games"
"101","Sunday 9th April 2017 20:30","Sunday 9th April 2017 23:00","11","2272","2460","20","1.82","3286","298.73","The Witcher 3: Wild Hunt|The_Witcher_3_Wild_Hunt|https://static-cdn.jtvnw.net/ttv-boxart/The%20Witcher%203:%20Wild%20Hunt-136x190.jpg?imenable=1&impolicy=user-profile-picture&imwidth=100"
"102","Thursday 6th April 2017 22:15","Friday 7th April 2017 01:15","13","4586","5818","79","6.08","8348","642.15","Pictionary|Pictionary|https://static-cdn.jtvnw.net/ttv-boxart/Pictionary-136x190.jpg?imenable=1&impolicy=user-profile-picture&imwidth=100|PLAYERUNKNOWN'S BATTLEGROUNDS|PLAYERUNKNOWNS_BATTLEGROUNDS|https://static-cdn.jtvnw.net/ttv-boxart/PLAYERUNKNOWN%27S%20BATTLEGROUNDS-136x190.jpg?imenable=1&impolicy=user-profile-picture&imwidth=100|The Binding of Isaac: Afterbirth|The_Binding_of_Isaac_Afterbirth|https://static-cdn.jtvnw.net/ttv-boxart/The%20Binding%20of%20Isaac:%20Afterbirth-136x190.jpg?imenable=1&impolicy=user-profile-picture&imwidth=100"
"103","Wednesday 5th April 2017 21:15","Thursday 6th April 2017 00:00","12","5444","6269","55","4.58","7966","663.83","The Jackbox Party Pack 3|The_Jackbox_Party_Pack_3|https://static-cdn.jtvnw.net/ttv-boxart/The%20Jackbox%20Party%20Pack%203-136x190.jpg?imenable=1&impolicy=user-profile-picture&imwidth=100|Golf With Your Friends|Golf_With_Your_Friends|https://static-cdn.jtvnw.net/ttv-boxart/Golf%20With%20Your%20Friends-136x190.jpg?imenable=1&impolicy=user-profile-picture&imwidth=100|The Binding of Isaac: Afterbirth|The_Binding_of_Isaac_Afterbirth|https://static-cdn.jtvnw.net/ttv-boxart/The%20Binding%20of%20Isaac:%20Afterbirth-136x190.jpg?imenable=1&impolicy=user-profile-picture&imwidth=100"
"104","Monday 3rd April 2017 22:15","Tuesday 4th April 2017 01:30","14","5749","6467","87","6.21","9407","671.93","The Jackbox Party Pack 3|The_Jackbox_Party_Pack_3|https://static-cdn.jtvnw.net/ttv-boxart/The%20Jackbox%20Party%20Pack%203-136x190.jpg?imenable=1&impolicy=user-profile-picture&imwidth=100|PLAYERUNKNOWN'S BATTLEGROUNDS|PLAYERUNKNOWNS_BATTLEGROUNDS|https://static-cdn.jtvnw.net/ttv-boxart/PLAYERUNKNOWN%27S%20BATTLEGROUNDS-136x190.jpg?imenable=1&impolicy=user-profile-picture&imwidth=100|HITMAN|HITMAN|https://static-cdn.jtvnw.net/ttv-boxart/HITMAN-136x190.jpg?imenable=1&impolicy=user-profile-picture&imwidth=100"
"105","Sunday 2nd April 2017 20:15","Sunday 2nd April 2017 23:15","13","2138","2453","33","2.54","4316","332","The Witcher 3: Wild Hunt|The_Witcher_3_Wild_Hunt|https://static-cdn.jtvnw.net/ttv-boxart/The%20Witcher%203:%20Wild%20Hunt-136x190.jpg?imenable=1&impolicy=user-profile-picture&imwidth=100"
"106","Thursday 30th March 2017 22:15","Friday 31st March 2017 01:15","13","4591","6263","86","6.62","26709","2054.54","Sonic & All-Stars Racing Transformed|Sonic_and_All-Stars_Racing_Transformed|https://static-cdn.jtvnw.net/ttv-boxart/Sonic%20&%20All-Stars%20Racing%20Transformed-136x190.jpg?imenable=1&impolicy=user-profile-picture&imwidth=100|PLAYERUNKNOWN'S BATTLEGROUNDS|PLAYERUNKNOWNS_BATTLEGROUNDS|https://static-cdn.jtvnw.net/ttv-boxart/PLAYERUNKNOWN%27S%20BATTLEGROUNDS-136x190.jpg?imenable=1&impolicy=user-profile-picture&imwidth=100|The Binding of Isaac: Afterbirth|The_Binding_of_Isaac_Afterbirth|https://static-cdn.jtvnw.net/ttv-boxart/The%20Binding%20of%20Isaac:%20Afterbirth-136x190.jpg?imenable=1&impolicy=user-profile-picture&imwidth=100"
"107","Wednesday 29th March 2017 21:15","Thursday 30th March 2017 00:15","13","4850","5614","31","2.38","9369","720.69","Redout|Redout|https://static-cdn.jtvnw.net/ttv-boxart/Redout-136x190.jpg?imenable=1&impolicy=user-profile-picture&imwidth=100|Move or Die|Move_or_Die|https://static-cdn.jtvnw.net/ttv-boxart/Move%20or%20Die-136x190.jpg?imenable=1&impolicy=user-profile-picture&imwidth=100|Ultimate Chicken Horse|Ultimate_Chicken_Horse|https://static-cdn.jtvnw.net/ttv-boxart/Ultimate%20Chicken%20Horse-136x190.jpg?imenable=1&impolicy=user-profile-picture&imwidth=100"
"108","Monday 27th March 2017 22:15","Tuesday 28th March 2017 01:15","13","5768","6774","81","6.23","7014","539.54","PLAYERUNKNOWN'S BATTLEGROUNDS|PLAYERUNKNOWNS_BATTLEGROUNDS|https://static-cdn.jtvnw.net/ttv-boxart/PLAYERUNKNOWN%27S%20BATTLEGROUNDS-136x190.jpg?imenable=1&impolicy=user-profile-picture&imwidth=100|HITMAN|HITMAN|https://static-cdn.jtvnw.net/ttv-boxart/HITMAN-136x190.jpg?imenable=1&impolicy=user-profile-picture&imwidth=100|The Binding of Isaac: Afterbirth|The_Binding_of_Isaac_Afterbirth|https://static-cdn.jtvnw.net/ttv-boxart/The%20Binding%20of%20Isaac:%20Afterbirth-136x190.jpg?imenable=1&impolicy=user-profile-picture&imwidth=100"
"109","Sunday 26th March 2017 20:15","Sunday 26th March 2017 23:15","13","2203","2503","36","2.77","3741","287.77","The Witcher 3: Wild Hunt|The_Witcher_3_Wild_Hunt|https://static-cdn.jtvnw.net/ttv-boxart/The%20Witcher%203:%20Wild%20Hunt-136x190.jpg?imenable=1&impolicy=user-profile-picture&imwidth=100"
"110","Thursday 23rd March 2017 22:00","Friday 24th March 2017 01:15","14","4496","5754","38","2.71","5132","366.57","Duck Game|Duck_Game|https://static-cdn.jtvnw.net/ttv-boxart/Duck%20Game-136x190.jpg?imenable=1&impolicy=user-profile-picture&imwidth=100|Golf With Your Friends|Golf_With_Your_Friends|https://static-cdn.jtvnw.net/ttv-boxart/Golf%20With%20Your%20Friends-136x190.jpg?imenable=1&impolicy=user-profile-picture&imwidth=100|The Binding of Isaac: Afterbirth|The_Binding_of_Isaac_Afterbirth|https://static-cdn.jtvnw.net/ttv-boxart/The%20Binding%20of%20Isaac:%20Afterbirth-136x190.jpg?imenable=1&impolicy=user-profile-picture&imwidth=100"
"111","Wednesday 22nd March 2017 21:15","Thursday 23rd March 2017 00:15","13","4633","5729","44","3.38","8567","659","Pictionary|Pictionary|https://static-cdn.jtvnw.net/ttv-boxart/Pictionary-136x190.jpg?imenable=1&impolicy=user-profile-picture&imwidth=100|We Need to Go Deeper|We_Need_to_Go_Deeper|https://static-cdn.jtvnw.net/ttv-boxart/We%20Need%20to%20Go%20Deeper-136x190.jpg?imenable=1&impolicy=user-profile-picture&imwidth=100|The Binding of Isaac: Afterbirth|The_Binding_of_Isaac_Afterbirth|https://static-cdn.jtvnw.net/ttv-boxart/The%20Binding%20of%20Isaac:%20Afterbirth-136x190.jpg?imenable=1&impolicy=user-profile-picture&imwidth=100"
"112","Monday 20th March 2017 22:15","Tuesday 21st March 2017 01:15","13","5466","6370","26","2","7042","541.69","The Jackbox Party Pack 3|The_Jackbox_Party_Pack_3|https://static-cdn.jtvnw.net/ttv-boxart/The%20Jackbox%20Party%20Pack%203-136x190.jpg?imenable=1&impolicy=user-profile-picture&imwidth=100|Streets of Rogue|Streets_of_Rogue|https://static-cdn.jtvnw.net/ttv-boxart/Streets%20of%20Rogue-136x190.jpg?imenable=1&impolicy=user-profile-picture&imwidth=100|The Binding of Isaac: Afterbirth|The_Binding_of_Isaac_Afterbirth|https://static-cdn.jtvnw.net/ttv-boxart/The%20Binding%20of%20Isaac:%20Afterbirth-136x190.jpg?imenable=1&impolicy=user-profile-picture&imwidth=100"
"113","Sunday 19th March 2017 20:30","Sunday 19th March 2017 23:30","13","2221","2559","6","0.46","4184","321.85","The Witcher 3: Wild Hunt|The_Witcher_3_Wild_Hunt|https://static-cdn.jtvnw.net/ttv-boxart/The%20Witcher%203:%20Wild%20Hunt-136x190.jpg?imenable=1&impolicy=user-profile-picture&imwidth=100"
"114","Thursday 16th March 2017 22:15","Friday 17th March 2017 01:00","12","4741","5065","26","2.17","6184","515.33","Disc Jam|Disc_Jam|https://static-cdn.jtvnw.net/ttv-boxart/Disc%20Jam-136x190.jpg?imenable=1&impolicy=user-profile-picture&imwidth=100|The Binding of Isaac: Afterbirth|The_Binding_of_Isaac_Afterbirth|https://static-cdn.jtvnw.net/ttv-boxart/The%20Binding%20of%20Isaac:%20Afterbirth-136x190.jpg?imenable=1&impolicy=user-profile-picture&imwidth=100|Golf It!|Golf_It_|https://static-cdn.jtvnw.net/ttv-boxart/Golf%20It%21-136x190.jpg?imenable=1&impolicy=user-profile-picture&imwidth=100"
"115","Wednesday 15th March 2017 21:15","Thursday 16th March 2017 00:15","13","5655","6568","30","2.31","6494","499.54","Golf It!|Golf_It_|https://static-cdn.jtvnw.net/ttv-boxart/Golf%20It%21-136x190.jpg?imenable=1&impolicy=user-profile-picture&imwidth=100|The Binding of Isaac: Afterbirth|The_Binding_of_Isaac_Afterbirth|https://static-cdn.jtvnw.net/ttv-boxart/The%20Binding%20of%20Isaac:%20Afterbirth-136x190.jpg?imenable=1&impolicy=user-profile-picture&imwidth=100"
"116","Wednesday 8th March 2017 22:15","Thursday 9th March 2017 01:15","13","5407","6089","67","5.15","8840","680","Gang Beasts|Gang_Beasts|https://static-cdn.jtvnw.net/ttv-boxart/Gang%20Beasts-136x190.jpg?imenable=1&impolicy=user-profile-picture&imwidth=100|The Binding of Isaac: Afterbirth|The_Binding_of_Isaac_Afterbirth|https://static-cdn.jtvnw.net/ttv-boxart/The%20Binding%20of%20Isaac:%20Afterbirth-136x190.jpg?imenable=1&impolicy=user-profile-picture&imwidth=100"
"117","Monday 6th March 2017 23:15","Tuesday 7th March 2017 02:15","13","6058","6653","29","2.23","6587","506.69","The Jackbox Party Pack 3|The_Jackbox_Party_Pack_3|https://static-cdn.jtvnw.net/ttv-boxart/The%20Jackbox%20Party%20Pack%203-136x190.jpg?imenable=1&impolicy=user-profile-picture&imwidth=100|Sonic & All-Stars Racing Transformed|Sonic_and_All-Stars_Racing_Transformed|https://static-cdn.jtvnw.net/ttv-boxart/Sonic%20&%20All-Stars%20Racing%20Transformed-136x190.jpg?imenable=1&impolicy=user-profile-picture&imwidth=100|The Binding of Isaac: Afterbirth|The_Binding_of_Isaac_Afterbirth|https://static-cdn.jtvnw.net/ttv-boxart/The%20Binding%20of%20Isaac:%20Afterbirth-136x190.jpg?imenable=1&impolicy=user-profile-picture&imwidth=100"
"118","Sunday 5th March 2017 21:15","Monday 6th March 2017 00:15","13","2476","2883","35","2.69","5099","392.23","The Witcher 3: Wild Hunt|The_Witcher_3_Wild_Hunt|https://static-cdn.jtvnw.net/ttv-boxart/The%20Witcher%203:%20Wild%20Hunt-136x190.jpg?imenable=1&impolicy=user-profile-picture&imwidth=100"
"119","Thursday 2nd March 2017 23:00","Friday 3rd March 2017 02:15","14","5011","6114","26","1.86","7871","562.21","Pictionary: Ultimate Edition|Pictionary_Ultimate_Edition|https://static-cdn.jtvnw.net/ttv-boxart/Pictionary:%20Ultimate%20Edition-136x190.jpg?imenable=1&impolicy=user-profile-picture&imwidth=100|Golf It!|Golf_It_|https://static-cdn.jtvnw.net/ttv-boxart/Golf%20It%21-136x190.jpg?imenable=1&impolicy=user-profile-picture&imwidth=100|The Binding of Isaac: Afterbirth|The_Binding_of_Isaac_Afterbirth|https://static-cdn.jtvnw.net/ttv-boxart/The%20Binding%20of%20Isaac:%20Afterbirth-136x190.jpg?imenable=1&impolicy=user-profile-picture&imwidth=100"
"120","Wednesday 1st March 2017 22:15","Thursday 2nd March 2017 01:15","13","5894","6921","54","4.15","8931","687","London 2012 - The Official Video Game of the Olympic Games|London_2012_-_The_Official_Video_Game_of_the_Olympic_Games|https://static-cdn.jtvnw.net/ttv-boxart/London%202012%20-%20The%20Official%20Video%20Game%20of%20the%20Olympic%20Games-136x190.jpg?imenable=1&impolicy=user-profile-picture&imwidth=100|The Jackbox Party Pack 3|The_Jackbox_Party_Pack_3|https://static-cdn.jtvnw.net/ttv-boxart/The%20Jackbox%20Party%20Pack%203-136x190.jpg?imenable=1&impolicy=user-profile-picture&imwidth=100|The Binding of Isaac: Afterbirth|The_Binding_of_Isaac_Afterbirth|https://static-cdn.jtvnw.net/ttv-boxart/The%20Binding%20of%20Isaac:%20Afterbirth-136x190.jpg?imenable=1&impolicy=user-profile-picture&imwidth=100"
"121","Monday 27th February 2017 23:15","Tuesday 28th February 2017 02:15","13","6247","6992","68","5.23","9379","721.46","Ultimate Chicken Horse|Ultimate_Chicken_Horse|https://static-cdn.jtvnw.net/ttv-boxart/Ultimate%20Chicken%20Horse-136x190.jpg?imenable=1&impolicy=user-profile-picture&imwidth=100|The Binding of Isaac: Afterbirth|The_Binding_of_Isaac_Afterbirth|https://static-cdn.jtvnw.net/ttv-boxart/The%20Binding%20of%20Isaac:%20Afterbirth-136x190.jpg?imenable=1&impolicy=user-profile-picture&imwidth=100"
"122","Sunday 26th February 2017 21:30","Monday 27th February 2017 00:15","12","2933","3242","60","5","5531","460.92","The Witcher 3: Wild Hunt|The_Witcher_3_Wild_Hunt|https://static-cdn.jtvnw.net/ttv-boxart/The%20Witcher%203:%20Wild%20Hunt-136x190.jpg?imenable=1&impolicy=user-profile-picture&imwidth=100"
"123","Thursday 23rd February 2017 23:00","Friday 24th February 2017 02:00","13","5085","6097","37","2.85","8615","662.69","The Binding of Isaac: Afterbirth|The_Binding_of_Isaac_Afterbirth|https://static-cdn.jtvnw.net/ttv-boxart/The%20Binding%20of%20Isaac:%20Afterbirth-136x190.jpg?imenable=1&impolicy=user-profile-picture&imwidth=100|Pictionary|Pictionary|https://static-cdn.jtvnw.net/ttv-boxart/Pictionary-136x190.jpg?imenable=1&impolicy=user-profile-picture&imwidth=100|Disc Jam|Disc_Jam|https://static-cdn.jtvnw.net/ttv-boxart/Disc%20Jam-136x190.jpg?imenable=1&impolicy=user-profile-picture&imwidth=100"
"124","Wednesday 22nd February 2017 22:15","Thursday 23rd February 2017 01:15","13","6508","7583","47","3.62","8639","664.54","For Honor|For_Honor|https://static-cdn.jtvnw.net/ttv-boxart/For%20Honor-136x190.jpg?imenable=1&impolicy=user-profile-picture&imwidth=100|Golf It!|Golf_It_|https://static-cdn.jtvnw.net/ttv-boxart/Golf%20It%21-136x190.jpg?imenable=1&impolicy=user-profile-picture&imwidth=100|The Binding of Isaac: Afterbirth|The_Binding_of_Isaac_Afterbirth|https://static-cdn.jtvnw.net/ttv-boxart/The%20Binding%20of%20Isaac:%20Afterbirth-136x190.jpg?imenable=1&impolicy=user-profile-picture&imwidth=100"
"125","Monday 20th February 2017 23:15","Tuesday 21st February 2017 02:15","13","6985","7864","79","6.08","6962","535.54","The Jackbox Party Pack 3|The_Jackbox_Party_Pack_3|https://static-cdn.jtvnw.net/ttv-boxart/The%20Jackbox%20Party%20Pack%203-136x190.jpg?imenable=1&impolicy=user-profile-picture&imwidth=100|Duck Game|Duck_Game|https://static-cdn.jtvnw.net/ttv-boxart/Duck%20Game-136x190.jpg?imenable=1&impolicy=user-profile-picture&imwidth=100|The Binding of Isaac: Afterbirth|The_Binding_of_Isaac_Afterbirth|https://static-cdn.jtvnw.net/ttv-boxart/The%20Binding%20of%20Isaac:%20Afterbirth-136x190.jpg?imenable=1&impolicy=user-profile-picture&imwidth=100"
"126","Sunday 19th February 2017 21:15","Monday 20th February 2017 00:15","13","2764","3293","24","1.85","5213","401","The Witcher 3: Wild Hunt|The_Witcher_3_Wild_Hunt|https://static-cdn.jtvnw.net/ttv-boxart/The%20Witcher%203:%20Wild%20Hunt-136x190.jpg?imenable=1&impolicy=user-profile-picture&imwidth=100"
"127","Thursday 16th February 2017 23:15","Friday 17th February 2017 02:15","13","5859","6873","32","2.46","7441","572.38","Pictionary|Pictionary|https://static-cdn.jtvnw.net/ttv-boxart/Pictionary-136x190.jpg?imenable=1&impolicy=user-profile-picture&imwidth=100|The Jackbox Party Pack 3|The_Jackbox_Party_Pack_3|https://static-cdn.jtvnw.net/ttv-boxart/The%20Jackbox%20Party%20Pack%203-136x190.jpg?imenable=1&impolicy=user-profile-picture&imwidth=100|The Binding of Isaac: Afterbirth|The_Binding_of_Isaac_Afterbirth|https://static-cdn.jtvnw.net/ttv-boxart/The%20Binding%20of%20Isaac:%20Afterbirth-136x190.jpg?imenable=1&impolicy=user-profile-picture&imwidth=100"
"128","Wednesday 15th February 2017 22:15","Thursday 16th February 2017 01:15","13","5306","6401","36","2.77","7061","543.15","For Honor|For_Honor|https://static-cdn.jtvnw.net/ttv-boxart/For%20Honor-136x190.jpg?imenable=1&impolicy=user-profile-picture&imwidth=100|Golf|Golf|https://static-cdn.jtvnw.net/ttv-boxart/Golf-136x190.jpg?imenable=1&impolicy=user-profile-picture&imwidth=100|Ultimate Chicken Horse|Ultimate_Chicken_Horse|https://static-cdn.jtvnw.net/ttv-boxart/Ultimate%20Chicken%20Horse-136x190.jpg?imenable=1&impolicy=user-profile-picture&imwidth=100"
"129","Monday 13th February 2017 23:15","Tuesday 14th February 2017 02:15","13","6760","8271","51","3.92","8006","615.85","Invisigun Heroes|Invisigun_Heroes|https://static-cdn.jtvnw.net/ttv-boxart/Invisigun%20Heroes-136x190.jpg?imenable=1&impolicy=user-profile-picture&imwidth=100|Scribblenauts Unlimited|Scribblenauts_Unlimited|https://static-cdn.jtvnw.net/ttv-boxart/Scribblenauts%20Unlimited-136x190.jpg?imenable=1&impolicy=user-profile-picture&imwidth=100|The Binding of Isaac: Afterbirth|The_Binding_of_Isaac_Afterbirth|https://static-cdn.jtvnw.net/ttv-boxart/The%20Binding%20of%20Isaac:%20Afterbirth-136x190.jpg?imenable=1&impolicy=user-profile-picture&imwidth=100"
"130","Sunday 12th February 2017 21:30","Monday 13th February 2017 00:15","12","3087","3382","25","2.08","3709","309.08","The Witcher 3: Wild Hunt|The_Witcher_3_Wild_Hunt|https://static-cdn.jtvnw.net/ttv-boxart/The%20Witcher%203:%20Wild%20Hunt-136x190.jpg?imenable=1&impolicy=user-profile-picture&imwidth=100"
"131","Thursday 9th February 2017 23:15","Friday 10th February 2017 02:15","13","6210","7351","41","3.15","7083","544.85","The Jackbox Party Pack 3|The_Jackbox_Party_Pack_3|https://static-cdn.jtvnw.net/ttv-boxart/The%20Jackbox%20Party%20Pack%203-136x190.jpg?imenable=1&impolicy=user-profile-picture&imwidth=100|For Honor|For_Honor|https://static-cdn.jtvnw.net/ttv-boxart/For%20Honor-136x190.jpg?imenable=1&impolicy=user-profile-picture&imwidth=100|The Binding of Isaac: Afterbirth|The_Binding_of_Isaac_Afterbirth|https://static-cdn.jtvnw.net/ttv-boxart/The%20Binding%20of%20Isaac:%20Afterbirth-136x190.jpg?imenable=1&impolicy=user-profile-picture&imwidth=100|Golf With Your Friends|Golf_With_Your_Friends|https://static-cdn.jtvnw.net/ttv-boxart/Golf%20With%20Your%20Friends-136x190.jpg?imenable=1&impolicy=user-profile-picture&imwidth=100"
"132","Wednesday 8th February 2017 22:15","Thursday 9th February 2017 01:30","14","5521","6280","102","7.29","13499","964.21","Golf With Your Friends|Golf_With_Your_Friends|https://static-cdn.jtvnw.net/ttv-boxart/Golf%20With%20Your%20Friends-136x190.jpg?imenable=1&impolicy=user-profile-picture&imwidth=100|Sonic & All-Stars Racing Transformed|Sonic_and_All-Stars_Racing_Transformed|https://static-cdn.jtvnw.net/ttv-boxart/Sonic%20&%20All-Stars%20Racing%20Transformed-136x190.jpg?imenable=1&impolicy=user-profile-picture&imwidth=100|The Binding of Isaac: Afterbirth|The_Binding_of_Isaac_Afterbirth|https://static-cdn.jtvnw.net/ttv-boxart/The%20Binding%20of%20Isaac:%20Afterbirth-136x190.jpg?imenable=1&impolicy=user-profile-picture&imwidth=100"
"133","Monday 6th February 2017 23:15","Tuesday 7th February 2017 02:15","13","6515","7876","82","6.31","10047","772.85","Gang Beasts|Gang_Beasts|https://static-cdn.jtvnw.net/ttv-boxart/Gang%20Beasts-136x190.jpg?imenable=1&impolicy=user-profile-picture&imwidth=100|Disc Jam|Disc_Jam|https://static-cdn.jtvnw.net/ttv-boxart/Disc%20Jam-136x190.jpg?imenable=1&impolicy=user-profile-picture&imwidth=100|The Binding of Isaac: Afterbirth|The_Binding_of_Isaac_Afterbirth|https://static-cdn.jtvnw.net/ttv-boxart/The%20Binding%20of%20Isaac:%20Afterbirth-136x190.jpg?imenable=1&impolicy=user-profile-picture&imwidth=100"
"134","Sunday 5th February 2017 21:15","Monday 6th February 2017 00:15","13","2975","3297","58","4.46","5996","461.23","The Witcher 3: Wild Hunt|The_Witcher_3_Wild_Hunt|https://static-cdn.jtvnw.net/ttv-boxart/The%20Witcher%203:%20Wild%20Hunt-136x190.jpg?imenable=1&impolicy=user-profile-picture&imwidth=100"
"135","Thursday 2nd February 2017 23:15","Friday 3rd February 2017 02:15","13","6095","6954","75","5.77","8344","641.85","Sonic & All-Stars Racing Transformed|Sonic_and_All-Stars_Racing_Transformed|https://static-cdn.jtvnw.net/ttv-boxart/Sonic%20&%20All-Stars%20Racing%20Transformed-136x190.jpg?imenable=1&impolicy=user-profile-picture&imwidth=100|The Binding of Isaac: Afterbirth|The_Binding_of_Isaac_Afterbirth|https://static-cdn.jtvnw.net/ttv-boxart/The%20Binding%20of%20Isaac:%20Afterbirth-136x190.jpg?imenable=1&impolicy=user-profile-picture&imwidth=100"
"136","Wednesday 1st February 2017 22:15","Thursday 2nd February 2017 01:00","12","6062","6565","73","6.08","9477","789.75","Golf With Your Friends|Golf_With_Your_Friends|https://static-cdn.jtvnw.net/ttv-boxart/Golf%20With%20Your%20Friends-136x190.jpg?imenable=1&impolicy=user-profile-picture&imwidth=100|Ultimate Chicken Horse|Ultimate_Chicken_Horse|https://static-cdn.jtvnw.net/ttv-boxart/Ultimate%20Chicken%20Horse-136x190.jpg?imenable=1&impolicy=user-profile-picture&imwidth=100|The Binding of Isaac: Afterbirth|The_Binding_of_Isaac_Afterbirth|https://static-cdn.jtvnw.net/ttv-boxart/The%20Binding%20of%20Isaac:%20Afterbirth-136x190.jpg?imenable=1&impolicy=user-profile-picture&imwidth=100"
"137","Tuesday 31st January 2017 00:15","Tuesday 31st January 2017 03:00","12","7445","8393","78","6.5","7689","640.75","The Jackbox Party Pack 3|The_Jackbox_Party_Pack_3|https://static-cdn.jtvnw.net/ttv-boxart/The%20Jackbox%20Party%20Pack%203-136x190.jpg?imenable=1&impolicy=user-profile-picture&imwidth=100|Scribblenauts Unlimited|Scribblenauts_Unlimited|https://static-cdn.jtvnw.net/ttv-boxart/Scribblenauts%20Unlimited-136x190.jpg?imenable=1&impolicy=user-profile-picture&imwidth=100|The Binding of Isaac: Afterbirth|The_Binding_of_Isaac_Afterbirth|https://static-cdn.jtvnw.net/ttv-boxart/The%20Binding%20of%20Isaac:%20Afterbirth-136x190.jpg?imenable=1&impolicy=user-profile-picture&imwidth=100"
"138","Sunday 29th January 2017 21:30","Monday 30th January 2017 00:45","14","3219","3742","66","4.71","10618","758.43","The Witcher 3: Wild Hunt|The_Witcher_3_Wild_Hunt|https://static-cdn.jtvnw.net/ttv-boxart/The%20Witcher%203:%20Wild%20Hunt-136x190.jpg?imenable=1&impolicy=user-profile-picture&imwidth=100"
"139","Thursday 26th January 2017 23:15","Friday 27th January 2017 02:00","12","5804","6611","36","3","5792","482.67","Pictionary|Pictionary|https://static-cdn.jtvnw.net/ttv-boxart/Pictionary-136x190.jpg?imenable=1&impolicy=user-profile-picture&imwidth=100|Disc Jam|Disc_Jam|https://static-cdn.jtvnw.net/ttv-boxart/Disc%20Jam-136x190.jpg?imenable=1&impolicy=user-profile-picture&imwidth=100|Enter the Gungeon|Enter_the_Gungeon|https://static-cdn.jtvnw.net/ttv-boxart/Enter%20the%20Gungeon-136x190.jpg?imenable=1&impolicy=user-profile-picture&imwidth=100|Ultimate Chicken Horse|Ultimate_Chicken_Horse|https://static-cdn.jtvnw.net/ttv-boxart/Ultimate%20Chicken%20Horse-136x190.jpg?imenable=1&impolicy=user-profile-picture&imwidth=100"
"140","Wednesday 25th January 2017 22:15","Thursday 26th January 2017 01:00","12","6772","7702","54","4.5","6710","559.17","Ultimate Chicken Horse|Ultimate_Chicken_Horse|https://static-cdn.jtvnw.net/ttv-boxart/Ultimate%20Chicken%20Horse-136x190.jpg?imenable=1&impolicy=user-profile-picture&imwidth=100|The Binding of Isaac: Afterbirth|The_Binding_of_Isaac_Afterbirth|https://static-cdn.jtvnw.net/ttv-boxart/The%20Binding%20of%20Isaac:%20Afterbirth-136x190.jpg?imenable=1&impolicy=user-profile-picture&imwidth=100"
"141","Tuesday 24th January 2017 01:30","Tuesday 24th January 2017 02:15","6","6345","9012","20","3.33","8121","1353.5","Space Beast Terror Fright|Space_Beast_Terror_Fright|https://static-cdn.jtvnw.net/ttv-boxart/Space%20Beast%20Terror%20Fright-136x190.jpg?imenable=1&impolicy=user-profile-picture&imwidth=100"
"142","Monday 23rd January 2017 23:15","Tuesday 24th January 2017 01:00","11","7750","9012","92","8.36","12865","1169.55","Who Wants To Be A Millionaire?|Who_Wants_To_Be_A_Millionaire_|https://static-cdn.jtvnw.net/ttv-boxart/Who%20Wants%20To%20Be%20A%20Millionaire%3F-136x190.jpg?imenable=1&impolicy=user-profile-picture&imwidth=100|Scribblenauts Unlimited|Scribblenauts_Unlimited|https://static-cdn.jtvnw.net/ttv-boxart/Scribblenauts%20Unlimited-136x190.jpg?imenable=1&impolicy=user-profile-picture&imwidth=100|The Binding of Isaac: Afterbirth|The_Binding_of_Isaac_Afterbirth|https://static-cdn.jtvnw.net/ttv-boxart/The%20Binding%20of%20Isaac:%20Afterbirth-136x190.jpg?imenable=1&impolicy=user-profile-picture&imwidth=100"
"143","Sunday 22nd January 2017 21:15","Monday 23rd January 2017 00:15","13","3206","3598","59","4.54","7330","563.85","The Witcher 3: Wild Hunt|The_Witcher_3_Wild_Hunt|https://static-cdn.jtvnw.net/ttv-boxart/The%20Witcher%203:%20Wild%20Hunt-136x190.jpg?imenable=1&impolicy=user-profile-picture&imwidth=100"
"144","Thursday 19th January 2017 23:15","Friday 20th January 2017 02:00","12","7618","9180","119","9.92","10207","850.58","Golf With Your Friends|Golf_With_Your_Friends|https://static-cdn.jtvnw.net/ttv-boxart/Golf%20With%20Your%20Friends-136x190.jpg?imenable=1&impolicy=user-profile-picture&imwidth=100|Who Wants To Be A Millionaire: UK Edition|Who_Wants_To_Be_A_Millionaire_UK_Edition|https://static-cdn.jtvnw.net/ttv-boxart/Who%20Wants%20To%20Be%20A%20Millionaire:%20UK%20Edition-136x190.jpg?imenable=1&impolicy=user-profile-picture&imwidth=100|The Binding of Isaac: Afterbirth|The_Binding_of_Isaac_Afterbirth|https://static-cdn.jtvnw.net/ttv-boxart/The%20Binding%20of%20Isaac:%20Afterbirth-136x190.jpg?imenable=1&impolicy=user-profile-picture&imwidth=100"
"145","Wednesday 18th January 2017 22:15","Thursday 19th January 2017 01:15","13","6695","7419","129","9.92","11058","850.62","Ultimate Chicken Horse|Ultimate_Chicken_Horse|https://static-cdn.jtvnw.net/ttv-boxart/Ultimate%20Chicken%20Horse-136x190.jpg?imenable=1&impolicy=user-profile-picture&imwidth=100|The Binding of Isaac: Afterbirth|The_Binding_of_Isaac_Afterbirth|https://static-cdn.jtvnw.net/ttv-boxart/The%20Binding%20of%20Isaac:%20Afterbirth-136x190.jpg?imenable=1&impolicy=user-profile-picture&imwidth=100"
"146","Monday 16th January 2017 23:15","Tuesday 17th January 2017 02:15","13","8204","9526","158","12.15","14836","1141.23","The Jackbox Party Pack 3|The_Jackbox_Party_Pack_3|https://static-cdn.jtvnw.net/ttv-boxart/The%20Jackbox%20Party%20Pack%203-136x190.jpg?imenable=1&impolicy=user-profile-picture&imwidth=100|Disc Jam|Disc_Jam|https://static-cdn.jtvnw.net/ttv-boxart/Disc%20Jam-136x190.jpg?imenable=1&impolicy=user-profile-picture&imwidth=100|The Binding of Isaac: Afterbirth|The_Binding_of_Isaac_Afterbirth|https://static-cdn.jtvnw.net/ttv-boxart/The%20Binding%20of%20Isaac:%20Afterbirth-136x190.jpg?imenable=1&impolicy=user-profile-picture&imwidth=100"
"147","Sunday 15th January 2017 22:30","Monday 16th January 2017 00:30","11","3650","3965","71","6.45","12321","1120.09","The Witcher 3: Wild Hunt|The_Witcher_3_Wild_Hunt|https://static-cdn.jtvnw.net/ttv-boxart/The%20Witcher%203:%20Wild%20Hunt-136x190.jpg?imenable=1&impolicy=user-profile-picture&imwidth=100"
"148","Sunday 15th January 2017 21:15","Sunday 15th January 2017 22:00","7","3161","3761","30","4.29","10369","1481.29","The Witcher 3: Wild Hunt|The_Witcher_3_Wild_Hunt|https://static-cdn.jtvnw.net/ttv-boxart/The%20Witcher%203:%20Wild%20Hunt-136x190.jpg?imenable=1&impolicy=user-profile-picture&imwidth=100"
"149","Thursday 12th January 2017 23:15","Friday 13th January 2017 02:15","13","7193","7856","108","8.31","11611","893.15","The Jackbox Party Pack 3|The_Jackbox_Party_Pack_3|https://static-cdn.jtvnw.net/ttv-boxart/The%20Jackbox%20Party%20Pack%203-136x190.jpg?imenable=1&impolicy=user-profile-picture&imwidth=100|Dead by Daylight|Dead_by_Daylight|https://static-cdn.jtvnw.net/ttv-boxart/Dead%20by%20Daylight-136x190.jpg?imenable=1&impolicy=user-profile-picture&imwidth=100|The Binding of Isaac: Afterbirth|The_Binding_of_Isaac_Afterbirth|https://static-cdn.jtvnw.net/ttv-boxart/The%20Binding%20of%20Isaac:%20Afterbirth-136x190.jpg?imenable=1&impolicy=user-profile-picture&imwidth=100"
"150","Wednesday 11th January 2017 22:15","Thursday 12th January 2017 01:30","14","6963","8179","106","7.57","11000","785.71","Gang Beasts|Gang_Beasts|https://static-cdn.jtvnw.net/ttv-boxart/Gang%20Beasts-136x190.jpg?imenable=1&impolicy=user-profile-picture&imwidth=100|Disc Jam|Disc_Jam|https://static-cdn.jtvnw.net/ttv-boxart/Disc%20Jam-136x190.jpg?imenable=1&impolicy=user-profile-picture&imwidth=100|The Binding of Isaac: Afterbirth|The_Binding_of_Isaac_Afterbirth|https://static-cdn.jtvnw.net/ttv-boxart/The%20Binding%20of%20Isaac:%20Afterbirth-136x190.jpg?imenable=1&impolicy=user-profile-picture&imwidth=100"
"151","Monday 9th January 2017 23:15","Tuesday 10th January 2017 02:00","12","7986","9229","119","9.92","9391","782.58","London 2012 - The Official Video Game of the Olympic Games|London_2012_-_The_Official_Video_Game_of_the_Olympic_Games|https://static-cdn.jtvnw.net/ttv-boxart/London%202012%20-%20The%20Official%20Video%20Game%20of%20the%20Olympic%20Games-136x190.jpg?imenable=1&impolicy=user-profile-picture&imwidth=100|Disc Jam|Disc_Jam|https://static-cdn.jtvnw.net/ttv-boxart/Disc%20Jam-136x190.jpg?imenable=1&impolicy=user-profile-picture&imwidth=100|The Binding of Isaac: Afterbirth|The_Binding_of_Isaac_Afterbirth|https://static-cdn.jtvnw.net/ttv-boxart/The%20Binding%20of%20Isaac:%20Afterbirth-136x190.jpg?imenable=1&impolicy=user-profile-picture&imwidth=100"
"152","Sunday 8th January 2017 21:30","Monday 9th January 2017 00:30","13","4648","4963","129","9.92","12764","981.85","The Witcher 3: Wild Hunt|The_Witcher_3_Wild_Hunt|https://static-cdn.jtvnw.net/ttv-boxart/The%20Witcher%203:%20Wild%20Hunt-136x190.jpg?imenable=1&impolicy=user-profile-picture&imwidth=100"
"153","Thursday 5th January 2017 23:15","Friday 6th January 2017 02:15","13","7994","9190","117","9","8497","653.62","The Jackbox Party Pack 3|The_Jackbox_Party_Pack_3|https://static-cdn.jtvnw.net/ttv-boxart/The%20Jackbox%20Party%20Pack%203-136x190.jpg?imenable=1&impolicy=user-profile-picture&imwidth=100|Gang Beasts|Gang_Beasts|https://static-cdn.jtvnw.net/ttv-boxart/Gang%20Beasts-136x190.jpg?imenable=1&impolicy=user-profile-picture&imwidth=100|The Binding of Isaac: Afterbirth|The_Binding_of_Isaac_Afterbirth|https://static-cdn.jtvnw.net/ttv-boxart/The%20Binding%20of%20Isaac:%20Afterbirth-136x190.jpg?imenable=1&impolicy=user-profile-picture&imwidth=100"
"154","Wednesday 4th January 2017 22:15","Thursday 5th January 2017 01:00","12","7779","9636","172","14.33","17681","1473.42","Pictionary|Pictionary|https://static-cdn.jtvnw.net/ttv-boxart/Pictionary-136x190.jpg?imenable=1&impolicy=user-profile-picture&imwidth=100|Redout|Redout|https://static-cdn.jtvnw.net/ttv-boxart/Redout-136x190.jpg?imenable=1&impolicy=user-profile-picture&imwidth=100|The Binding of Isaac: Afterbirth|The_Binding_of_Isaac_Afterbirth|https://static-cdn.jtvnw.net/ttv-boxart/The%20Binding%20of%20Isaac:%20Afterbirth-136x190.jpg?imenable=1&impolicy=user-profile-picture&imwidth=100"
"155","Wednesday 4th January 2017 00:30","Wednesday 4th January 2017 04:30","17","14806","17249","1581","93","34987","2058.06","The Binding of Isaac: Afterbirth|The_Binding_of_Isaac_Afterbirth|https://static-cdn.jtvnw.net/ttv-boxart/The%20Binding%20of%20Isaac:%20Afterbirth-136x190.jpg?imenable=1&impolicy=user-profile-picture&imwidth=100"
"156","Monday 2nd January 2017 23:15","Tuesday 3rd January 2017 02:15","13","7483","8869","118","9.08","12236","941.23","Duck Game|Duck_Game|https://static-cdn.jtvnw.net/ttv-boxart/Duck%20Game-136x190.jpg?imenable=1&impolicy=user-profile-picture&imwidth=100|Space Beast Terror Fright|Space_Beast_Terror_Fright|https://static-cdn.jtvnw.net/ttv-boxart/Space%20Beast%20Terror%20Fright-136x190.jpg?imenable=1&impolicy=user-profile-picture&imwidth=100|The Binding of Isaac: Rebirth|The_Binding_of_Isaac_Rebirth|https://static-cdn.jtvnw.net/ttv-boxart/The%20Binding%20of%20Isaac:%20Rebirth-136x190.jpg?imenable=1&impolicy=user-profile-picture&imwidth=100"
"157","Sunday 1st January 2017 21:15","Monday 2nd January 2017 00:30","14","6316","7937","290","20.71","12084","863.14","The Binding of Isaac: Rebirth|The_Binding_of_Isaac_Rebirth|https://static-cdn.jtvnw.net/ttv-boxart/The%20Binding%20of%20Isaac:%20Rebirth-136x190.jpg?imenable=1&impolicy=user-profile-picture&imwidth=100"
"158","Thursday 29th December 2016 23:15","Friday 30th December 2016 02:15","13","6714","7418","120","9.23","8856","681.23","The Jackbox Party Pack 3|The_Jackbox_Party_Pack_3|https://static-cdn.jtvnw.net/ttv-boxart/The%20Jackbox%20Party%20Pack%203-136x190.jpg?imenable=1&impolicy=user-profile-picture&imwidth=100|Ultimate Chicken Horse|Ultimate_Chicken_Horse|https://static-cdn.jtvnw.net/ttv-boxart/Ultimate%20Chicken%20Horse-136x190.jpg?imenable=1&impolicy=user-profile-picture&imwidth=100|Hearthstone|Hearthstone_Heroes_of_Warcraft|https://static-cdn.jtvnw.net/ttv-boxart/Hearthstone-136x190.jpg?imenable=1&impolicy=user-profile-picture&imwidth=100|The Binding of Isaac: Rebirth|The_Binding_of_Isaac_Rebirth|https://static-cdn.jtvnw.net/ttv-boxart/The%20Binding%20of%20Isaac:%20Rebirth-136x190.jpg?imenable=1&impolicy=user-profile-picture&imwidth=100"
"159","Wednesday 28th December 2016 22:15","Thursday 29th December 2016 01:00","12","6668","7545","68","5.67","8027","668.92","Pictionary|Pictionary|https://static-cdn.jtvnw.net/ttv-boxart/Pictionary-136x190.jpg?imenable=1&impolicy=user-profile-picture&imwidth=100|The Jackbox Party Pack 3|The_Jackbox_Party_Pack_3|https://static-cdn.jtvnw.net/ttv-boxart/The%20Jackbox%20Party%20Pack%203-136x190.jpg?imenable=1&impolicy=user-profile-picture&imwidth=100|The Binding of Isaac: Rebirth|The_Binding_of_Isaac_Rebirth|https://static-cdn.jtvnw.net/ttv-boxart/The%20Binding%20of%20Isaac:%20Rebirth-136x190.jpg?imenable=1&impolicy=user-profile-picture&imwidth=100"
"160","Monday 26th December 2016 23:15","Tuesday 27th December 2016 02:15","13","6746","7737","100","7.69","7584","583.38","The Binding of Isaac: Rebirth|The_Binding_of_Isaac_Rebirth|https://static-cdn.jtvnw.net/ttv-boxart/The%20Binding%20of%20Isaac:%20Rebirth-136x190.jpg?imenable=1&impolicy=user-profile-picture&imwidth=100"
"161","Sunday 25th December 2016 21:30","Monday 26th December 2016 00:15","12","4912","6298","131","10.92","7001","583.42","The Binding of Isaac: Rebirth|The_Binding_of_Isaac_Rebirth|https://static-cdn.jtvnw.net/ttv-boxart/The%20Binding%20of%20Isaac:%20Rebirth-136x190.jpg?imenable=1&impolicy=user-profile-picture&imwidth=100"
"162","Thursday 22nd December 2016 23:15","Friday 23rd December 2016 02:30","14","5537","7366","87","6.21","16048","1146.29","H1Z1: King of the Kill|H1Z1_King_of_the_Kill|https://static-cdn.jtvnw.net/ttv-boxart/H1Z1:%20King%20of%20the%20Kill-136x190.jpg?imenable=1&impolicy=user-profile-picture&imwidth=100|Gang Beasts|Gang_Beasts|https://static-cdn.jtvnw.net/ttv-boxart/Gang%20Beasts-136x190.jpg?imenable=1&impolicy=user-profile-picture&imwidth=100|The Binding of Isaac: Afterbirth|The_Binding_of_Isaac_Afterbirth|https://static-cdn.jtvnw.net/ttv-boxart/The%20Binding%20of%20Isaac:%20Afterbirth-136x190.jpg?imenable=1&impolicy=user-profile-picture&imwidth=100|GeoGuessr|GeoGuessr|https://static-cdn.jtvnw.net/ttv-boxart/GeoGuessr-136x190.jpg?imenable=1&impolicy=user-profile-picture&imwidth=100"
"163","Wednesday 21st December 2016 22:30","Thursday 22nd December 2016 01:15","12","7318","8017","179","14.92","12651","1054.25","Friday the 13th: The Game|Friday_the_13th_The_Game|https://static-cdn.jtvnw.net/ttv-boxart/Friday%20the%2013th:%20The%20Game-136x190.jpg?imenable=1&impolicy=user-profile-picture&imwidth=100|The Binding of Isaac: Rebirth|The_Binding_of_Isaac_Rebirth|https://static-cdn.jtvnw.net/ttv-boxart/The%20Binding%20of%20Isaac:%20Rebirth-136x190.jpg?imenable=1&impolicy=user-profile-picture&imwidth=100"
"164","Monday 19th December 2016 23:15","Tuesday 20th December 2016 02:30","14","5713","6719","100","7.14","8928","637.71","H1Z1: King of the Kill|H1Z1_King_of_the_Kill|https://static-cdn.jtvnw.net/ttv-boxart/H1Z1:%20King%20of%20the%20Kill-136x190.jpg?imenable=1&impolicy=user-profile-picture&imwidth=100|Astroneer|Astroneer|https://static-cdn.jtvnw.net/ttv-boxart/Astroneer-136x190.jpg?imenable=1&impolicy=user-profile-picture&imwidth=100|Ultimate Chicken Horse|Ultimate_Chicken_Horse|https://static-cdn.jtvnw.net/ttv-boxart/Ultimate%20Chicken%20Horse-136x190.jpg?imenable=1&impolicy=user-profile-picture&imwidth=100"
"165","Sunday 18th December 2016 21:15","Monday 19th December 2016 00:00","12","3459","4103","28","2.33","4816","401.33","Hearthstone|Hearthstone_Heroes_of_Warcraft|https://static-cdn.jtvnw.net/ttv-boxart/Hearthstone-136x190.jpg?imenable=1&impolicy=user-profile-picture&imwidth=100|HITMAN|HITMAN|https://static-cdn.jtvnw.net/ttv-boxart/HITMAN-136x190.jpg?imenable=1&impolicy=user-profile-picture&imwidth=100"
"166","Thursday 15th December 2016 23:15","Friday 16th December 2016 02:00","12","5404","6108","33","2.75","10099","841.58","The Jackbox Party Pack 3|The_Jackbox_Party_Pack_3|https://static-cdn.jtvnw.net/ttv-boxart/The%20Jackbox%20Party%20Pack%203-136x190.jpg?imenable=1&impolicy=user-profile-picture&imwidth=100|H1Z1: King of the Kill|H1Z1_King_of_the_Kill|https://static-cdn.jtvnw.net/ttv-boxart/H1Z1:%20King%20of%20the%20Kill-136x190.jpg?imenable=1&impolicy=user-profile-picture&imwidth=100|Ultimate Chicken Horse|Ultimate_Chicken_Horse|https://static-cdn.jtvnw.net/ttv-boxart/Ultimate%20Chicken%20Horse-136x190.jpg?imenable=1&impolicy=user-profile-picture&imwidth=100"
"167","Wednesday 14th December 2016 23:15","Thursday 15th December 2016 02:15","13","5519","6451","119","9.15","10016","770.46","Dead by Daylight|Dead_by_Daylight|https://static-cdn.jtvnw.net/ttv-boxart/Dead%20by%20Daylight-136x190.jpg?imenable=1&impolicy=user-profile-picture&imwidth=100|Gang Beasts|Gang_Beasts|https://static-cdn.jtvnw.net/ttv-boxart/Gang%20Beasts-136x190.jpg?imenable=1&impolicy=user-profile-picture&imwidth=100|The Binding of Isaac: Afterbirth|The_Binding_of_Isaac_Afterbirth|https://static-cdn.jtvnw.net/ttv-boxart/The%20Binding%20of%20Isaac:%20Afterbirth-136x190.jpg?imenable=1&impolicy=user-profile-picture&imwidth=100"
"168","Monday 12th December 2016 23:00","Tuesday 13th December 2016 02:15","14","5303","6339","52","3.71","7932","566.57","Duck Game|Duck_Game|https://static-cdn.jtvnw.net/ttv-boxart/Duck%20Game-136x190.jpg?imenable=1&impolicy=user-profile-picture&imwidth=100|Ultimate Chicken Horse|Ultimate_Chicken_Horse|https://static-cdn.jtvnw.net/ttv-boxart/Ultimate%20Chicken%20Horse-136x190.jpg?imenable=1&impolicy=user-profile-picture&imwidth=100|Tricky Towers|Tricky_Towers|https://static-cdn.jtvnw.net/ttv-boxart/Tricky%20Towers-136x190.jpg?imenable=1&impolicy=user-profile-picture&imwidth=100"
"169","Sunday 11th December 2016 21:30","Monday 12th December 2016 00:15","12","3700","4149","52","4.33","4488","374","HITMAN|HITMAN|https://static-cdn.jtvnw.net/ttv-boxart/HITMAN-136x190.jpg?imenable=1&impolicy=user-profile-picture&imwidth=100"
"170","Thursday 8th December 2016 23:15","Friday 9th December 2016 02:15","13","5379","5990","32","2.46","7183","552.54","Ultimate Chicken Horse|Ultimate_Chicken_Horse|https://static-cdn.jtvnw.net/ttv-boxart/Ultimate%20Chicken%20Horse-136x190.jpg?imenable=1&impolicy=user-profile-picture&imwidth=100"
"171","Wednesday 7th December 2016 22:15","Thursday 8th December 2016 01:00","12","5192","6118","62","5.17","9167","763.92","London 2012 - The Official Video Game of the Olympic Games|London_2012_-_The_Official_Video_Game_of_the_Olympic_Games|https://static-cdn.jtvnw.net/ttv-boxart/London%202012%20-%20The%20Official%20Video%20Game%20of%20the%20Olympic%20Games-136x190.jpg?imenable=1&impolicy=user-profile-picture&imwidth=100|Tricky Towers|Tricky_Towers|https://static-cdn.jtvnw.net/ttv-boxart/Tricky%20Towers-136x190.jpg?imenable=1&impolicy=user-profile-picture&imwidth=100|The Binding of Isaac: Afterbirth|The_Binding_of_Isaac_Afterbirth|https://static-cdn.jtvnw.net/ttv-boxart/The%20Binding%20of%20Isaac:%20Afterbirth-136x190.jpg?imenable=1&impolicy=user-profile-picture&imwidth=100"
"172","Tuesday 6th December 2016 23:15","Wednesday 7th December 2016 02:00","12","5748","9752","72","6","11984","998.67","The Jackbox Party Pack 3|The_Jackbox_Party_Pack_3|https://static-cdn.jtvnw.net/ttv-boxart/The%20Jackbox%20Party%20Pack%203-136x190.jpg?imenable=1&impolicy=user-profile-picture&imwidth=100|Move or Die|Move_or_Die|https://static-cdn.jtvnw.net/ttv-boxart/Move%20or%20Die-136x190.jpg?imenable=1&impolicy=user-profile-picture&imwidth=100|Ultimate Chicken Horse|Ultimate_Chicken_Horse|https://static-cdn.jtvnw.net/ttv-boxart/Ultimate%20Chicken%20Horse-136x190.jpg?imenable=1&impolicy=user-profile-picture&imwidth=100"
"173","Monday 5th December 2016 23:15","Tuesday 6th December 2016 02:15","13","5425","6291","59","4.54","13792","1060.92","Golf With Your Friends|Golf_With_Your_Friends|https://static-cdn.jtvnw.net/ttv-boxart/Golf%20With%20Your%20Friends-136x190.jpg?imenable=1&impolicy=user-profile-picture&imwidth=100|Bombernauts|Bombernauts|https://static-cdn.jtvnw.net/ttv-boxart/Bombernauts-136x190.jpg?imenable=1&impolicy=user-profile-picture&imwidth=100|Ultimate Chicken Horse|Ultimate_Chicken_Horse|https://static-cdn.jtvnw.net/ttv-boxart/Ultimate%20Chicken%20Horse-136x190.jpg?imenable=1&impolicy=user-profile-picture&imwidth=100"
"174","Sunday 4th December 2016 21:15","Monday 5th December 2016 00:15","13","4398","5549","48","3.69","7139","549.15","Hearthstone|Hearthstone_Heroes_of_Warcraft|https://static-cdn.jtvnw.net/ttv-boxart/Hearthstone-136x190.jpg?imenable=1&impolicy=user-profile-picture&imwidth=100|HITMAN|HITMAN|https://static-cdn.jtvnw.net/ttv-boxart/HITMAN-136x190.jpg?imenable=1&impolicy=user-profile-picture&imwidth=100"
"175","Friday 2nd December 2016 22:15","Saturday 3rd December 2016 04:45","27","4088","5952","105","3.89","18012","667.11","Talk Shows|Gaming_Talk_Shows|https://static-cdn.jtvnw.net/ttv-boxart/Talk%20Shows-136x190.jpg?imenable=1&impolicy=user-profile-picture&imwidth=100"
"176","Friday 2nd December 2016 21:30","Friday 2nd December 2016 21:30","1","702","702","0","0","0","0","Duck Game|Duck_Game|https://static-cdn.jtvnw.net/ttv-boxart/Duck%20Game-136x190.jpg?imenable=1&impolicy=user-profile-picture&imwidth=100"
"177","Thursday 1st December 2016 23:45","Thursday 1st December 2016 23:45","1","464","464","0","0","0","0","Duck Game|Duck_Game|https://static-cdn.jtvnw.net/ttv-boxart/Duck%20Game-136x190.jpg?imenable=1&impolicy=user-profile-picture&imwidth=100"
"178","Wednesday 30th November 2016 21:15","Thursday 1st December 2016 00:00","12","4406","5474","54","4.5","8142","678.5","Duck Game|Duck_Game|https://static-cdn.jtvnw.net/ttv-boxart/Duck%20Game-136x190.jpg?imenable=1&impolicy=user-profile-picture&imwidth=100|Gang Beasts|Gang_Beasts|https://static-cdn.jtvnw.net/ttv-boxart/Gang%20Beasts-136x190.jpg?imenable=1&impolicy=user-profile-picture&imwidth=100|Ultimate Chicken Horse|Ultimate_Chicken_Horse|https://static-cdn.jtvnw.net/ttv-boxart/Ultimate%20Chicken%20Horse-136x190.jpg?imenable=1&impolicy=user-profile-picture&imwidth=100"
"179","Monday 28th November 2016 23:15","Tuesday 29th November 2016 02:15","13","6025","6609","44","3.38","10462","804.77","The Jackbox Party Pack 3|The_Jackbox_Party_Pack_3|https://static-cdn.jtvnw.net/ttv-boxart/The%20Jackbox%20Party%20Pack%203-136x190.jpg?imenable=1&impolicy=user-profile-picture&imwidth=100|Dead by Daylight|Dead_by_Daylight|https://static-cdn.jtvnw.net/ttv-boxart/Dead%20by%20Daylight-136x190.jpg?imenable=1&impolicy=user-profile-picture&imwidth=100|Tricky Towers|Tricky_Towers|https://static-cdn.jtvnw.net/ttv-boxart/Tricky%20Towers-136x190.jpg?imenable=1&impolicy=user-profile-picture&imwidth=100"
"180","Sunday 27th November 2016 21:15","Monday 28th November 2016 00:00","12","3891","4566","40","3.33","5554","462.83","HITMAN|HITMAN|https://static-cdn.jtvnw.net/ttv-boxart/HITMAN-136x190.jpg?imenable=1&impolicy=user-profile-picture&imwidth=100"
"181","Thursday 24th November 2016 23:15","Friday 25th November 2016 02:00","12","4386","5159","25","2.08","5222","435.17","Keep Talking and Nobody Explodes|Keep_Talking_and_Nobody_Explodes|https://static-cdn.jtvnw.net/ttv-boxart/Keep%20Talking%20and%20Nobody%20Explodes-136x190.jpg?imenable=1&impolicy=user-profile-picture&imwidth=100|London 2012 - The Official Video Game of the Olympic Games|London_2012_-_The_Official_Video_Game_of_the_Olympic_Games|https://static-cdn.jtvnw.net/ttv-boxart/London%202012%20-%20The%20Official%20Video%20Game%20of%20the%20Olympic%20Games-136x190.jpg?imenable=1&impolicy=user-profile-picture&imwidth=100|Ultimate Chicken Horse|Ultimate_Chicken_Horse|https://static-cdn.jtvnw.net/ttv-boxart/Ultimate%20Chicken%20Horse-136x190.jpg?imenable=1&impolicy=user-profile-picture&imwidth=100"
"182","Wednesday 23rd November 2016 22:15","Thursday 24th November 2016 01:15","13","4637","5598","39","3","6825","525","Pictionary|Pictionary|https://static-cdn.jtvnw.net/ttv-boxart/Pictionary-136x190.jpg?imenable=1&impolicy=user-profile-picture&imwidth=100|The Jackbox Party Pack 3|The_Jackbox_Party_Pack_3|https://static-cdn.jtvnw.net/ttv-boxart/The%20Jackbox%20Party%20Pack%203-136x190.jpg?imenable=1&impolicy=user-profile-picture&imwidth=100|The Binding of Isaac: Afterbirth|The_Binding_of_Isaac_Afterbirth|https://static-cdn.jtvnw.net/ttv-boxart/The%20Binding%20of%20Isaac:%20Afterbirth-136x190.jpg?imenable=1&impolicy=user-profile-picture&imwidth=100"
"183","Monday 21st November 2016 23:15","Tuesday 22nd November 2016 02:15","13","5976","6910","121","9.31","10892","837.85","Golf With Your Friends|Golf_With_Your_Friends|https://static-cdn.jtvnw.net/ttv-boxart/Golf%20With%20Your%20Friends-136x190.jpg?imenable=1&impolicy=user-profile-picture&imwidth=100|Gang Beasts|Gang_Beasts|https://static-cdn.jtvnw.net/ttv-boxart/Gang%20Beasts-136x190.jpg?imenable=1&impolicy=user-profile-picture&imwidth=100|Ultimate Chicken Horse|Ultimate_Chicken_Horse|https://static-cdn.jtvnw.net/ttv-boxart/Ultimate%20Chicken%20Horse-136x190.jpg?imenable=1&impolicy=user-profile-picture&imwidth=100"
"184","Sunday 20th November 2016 21:15","Monday 21st November 2016 00:00","12","3671","4134","40","3.33","3583","298.58","HITMAN|HITMAN|https://static-cdn.jtvnw.net/ttv-boxart/HITMAN-136x190.jpg?imenable=1&impolicy=user-profile-picture&imwidth=100"
"185","Thursday 17th November 2016 23:15","Friday 18th November 2016 02:15","13","5263","5829","25","1.92","6187","475.92","The Jackbox Party Pack 3|The_Jackbox_Party_Pack_3|https://static-cdn.jtvnw.net/ttv-boxart/The%20Jackbox%20Party%20Pack%203-136x190.jpg?imenable=1&impolicy=user-profile-picture&imwidth=100|Runbow|Runbow|https://static-cdn.jtvnw.net/ttv-boxart/Runbow-136x190.jpg?imenable=1&impolicy=user-profile-picture&imwidth=100|Ultimate Chicken Horse|Ultimate_Chicken_Horse|https://static-cdn.jtvnw.net/ttv-boxart/Ultimate%20Chicken%20Horse-136x190.jpg?imenable=1&impolicy=user-profile-picture&imwidth=100"
"186","Wednesday 16th November 2016 22:15","Thursday 17th November 2016 01:15","13","4865","5631","68","5.23","9263","712.54","Golf With Your Friends|Golf_With_Your_Friends|https://static-cdn.jtvnw.net/ttv-boxart/Golf%20With%20Your%20Friends-136x190.jpg?imenable=1&impolicy=user-profile-picture&imwidth=100|Worms W.M.D|Worms_W.M.D|https://static-cdn.jtvnw.net/ttv-boxart/Worms%20W.M.D-136x190.jpg?imenable=1&impolicy=user-profile-picture&imwidth=100|The Binding of Isaac: Afterbirth|The_Binding_of_Isaac_Afterbirth|https://static-cdn.jtvnw.net/ttv-boxart/The%20Binding%20of%20Isaac:%20Afterbirth-136x190.jpg?imenable=1&impolicy=user-profile-picture&imwidth=100"
"187","Monday 14th November 2016 23:15","Tuesday 15th November 2016 02:00","12","5955","7472","49","4.08","10333","861.08","Rocket League|Rocket_League|https://static-cdn.jtvnw.net/ttv-boxart/Rocket%20League-136x190.jpg?imenable=1&impolicy=user-profile-picture&imwidth=100|Quiplash|Quiplash|https://static-cdn.jtvnw.net/ttv-boxart/Quiplash-136x190.jpg?imenable=1&impolicy=user-profile-picture&imwidth=100|Ultimate Chicken Horse|Ultimate_Chicken_Horse|https://static-cdn.jtvnw.net/ttv-boxart/Ultimate%20Chicken%20Horse-136x190.jpg?imenable=1&impolicy=user-profile-picture&imwidth=100"
"188","Sunday 13th November 2016 21:15","Monday 14th November 2016 00:00","12","4159","4811","71","5.92","6177","514.75","HITMAN|HITMAN|https://static-cdn.jtvnw.net/ttv-boxart/HITMAN-136x190.jpg?imenable=1&impolicy=user-profile-picture&imwidth=100"
"189","Thursday 10th November 2016 23:15","Friday 11th November 2016 02:15","13","5388","6059","64","4.92","8787","675.92","Pictionary|Pictionary|https://static-cdn.jtvnw.net/ttv-boxart/Pictionary-136x190.jpg?imenable=1&impolicy=user-profile-picture&imwidth=100|The Culling|The_Culling|https://static-cdn.jtvnw.net/ttv-boxart/The%20Culling-136x190.jpg?imenable=1&impolicy=user-profile-picture&imwidth=100|Ultimate Chicken Horse|Ultimate_Chicken_Horse|https://static-cdn.jtvnw.net/ttv-boxart/Ultimate%20Chicken%20Horse-136x190.jpg?imenable=1&impolicy=user-profile-picture&imwidth=100"
"190","Wednesday 9th November 2016 22:15","Thursday 10th November 2016 01:15","13","6090","6825","78","6","16664","1281.85","Quiplash|Quiplash|https://static-cdn.jtvnw.net/ttv-boxart/Quiplash-136x190.jpg?imenable=1&impolicy=user-profile-picture&imwidth=100|London 2012 - The Official Video Game of the Olympic Games|London_2012_-_The_Official_Video_Game_of_the_Olympic_Games|https://static-cdn.jtvnw.net/ttv-boxart/London%202012%20-%20The%20Official%20Video%20Game%20of%20the%20Olympic%20Games-136x190.jpg?imenable=1&impolicy=user-profile-picture&imwidth=100|Ultimate Chicken Horse|Ultimate_Chicken_Horse|https://static-cdn.jtvnw.net/ttv-boxart/Ultimate%20Chicken%20Horse-136x190.jpg?imenable=1&impolicy=user-profile-picture&imwidth=100"
"191","Monday 7th November 2016 23:15","Tuesday 8th November 2016 02:00","12","5620","6676","40","3.33","5980","498.33","Duck Game|Duck_Game|https://static-cdn.jtvnw.net/ttv-boxart/Duck%20Game-136x190.jpg?imenable=1&impolicy=user-profile-picture&imwidth=100|Gang Beasts|Gang_Beasts|https://static-cdn.jtvnw.net/ttv-boxart/Gang%20Beasts-136x190.jpg?imenable=1&impolicy=user-profile-picture&imwidth=100|Ultimate Chicken Horse|Ultimate_Chicken_Horse|https://static-cdn.jtvnw.net/ttv-boxart/Ultimate%20Chicken%20Horse-136x190.jpg?imenable=1&impolicy=user-profile-picture&imwidth=100"
"192","Sunday 6th November 2016 21:15","Monday 7th November 2016 00:15","13","4030","4657","49","3.77","6728","517.54","HITMAN|HITMAN|https://static-cdn.jtvnw.net/ttv-boxart/HITMAN-136x190.jpg?imenable=1&impolicy=user-profile-picture&imwidth=100"
"193","Thursday 3rd November 2016 22:15","Friday 4th November 2016 01:30","14","5453","6035","32","2.29","7300","521.43","Gang Beasts|Gang_Beasts|https://static-cdn.jtvnw.net/ttv-boxart/Gang%20Beasts-136x190.jpg?imenable=1&impolicy=user-profile-picture&imwidth=100|Goofball Goals|Goofball_Goals|https://static-cdn.jtvnw.net/ttv-boxart/Goofball%20Goals-136x190.jpg?imenable=1&impolicy=user-profile-picture&imwidth=100|Ultimate Chicken Horse|Ultimate_Chicken_Horse|https://static-cdn.jtvnw.net/ttv-boxart/Ultimate%20Chicken%20Horse-136x190.jpg?imenable=1&impolicy=user-profile-picture&imwidth=100"
"194","Wednesday 2nd November 2016 21:45","Thursday 3rd November 2016 00:15","11","6433","7430","55","5","5674","515.82","The Jackbox Party Pack 3|The_Jackbox_Party_Pack_3|https://static-cdn.jtvnw.net/ttv-boxart/The%20Jackbox%20Party%20Pack%203-136x190.jpg?imenable=1&impolicy=user-profile-picture&imwidth=100|SpeedRunners|SpeedRunners|https://static-cdn.jtvnw.net/ttv-boxart/SpeedRunners-136x190.jpg?imenable=1&impolicy=user-profile-picture&imwidth=100|The Binding of Isaac: Afterbirth|The_Binding_of_Isaac_Afterbirth|https://static-cdn.jtvnw.net/ttv-boxart/The%20Binding%20of%20Isaac:%20Afterbirth-136x190.jpg?imenable=1&impolicy=user-profile-picture&imwidth=100"
"195","Monday 31st October 2016 22:15","Tuesday 1st November 2016 01:00","12","4749","5680","40","3.33","8185","682.08","The Culling|The_Culling|https://static-cdn.jtvnw.net/ttv-boxart/The%20Culling-136x190.jpg?imenable=1&impolicy=user-profile-picture&imwidth=100|Golf With Your Friends|Golf_With_Your_Friends|https://static-cdn.jtvnw.net/ttv-boxart/Golf%20With%20Your%20Friends-136x190.jpg?imenable=1&impolicy=user-profile-picture&imwidth=100|Ultimate Chicken Horse|Ultimate_Chicken_Horse|https://static-cdn.jtvnw.net/ttv-boxart/Ultimate%20Chicken%20Horse-136x190.jpg?imenable=1&impolicy=user-profile-picture&imwidth=100"
"196","Sunday 30th October 2016 20:15","Sunday 30th October 2016 23:45","15","3361","4008","41","2.73","6710","447.33","Hearthstone|Hearthstone_Heroes_of_Warcraft|https://static-cdn.jtvnw.net/ttv-boxart/Hearthstone-136x190.jpg?imenable=1&impolicy=user-profile-picture&imwidth=100|BioShock|BioShock|https://static-cdn.jtvnw.net/ttv-boxart/BioShock-136x190.jpg?imenable=1&impolicy=user-profile-picture&imwidth=100"
"197","Thursday 27th October 2016 22:15","Friday 28th October 2016 01:15","13","5144","5829","38","2.92","6161","473.92","London 2012 - The Official Video Game of the Olympic Games|London_2012_-_The_Official_Video_Game_of_the_Olympic_Games|https://static-cdn.jtvnw.net/ttv-boxart/London%202012%20-%20The%20Official%20Video%20Game%20of%20the%20Olympic%20Games-136x190.jpg?imenable=1&impolicy=user-profile-picture&imwidth=100|Tricky Towers|Tricky_Towers|https://static-cdn.jtvnw.net/ttv-boxart/Tricky%20Towers-136x190.jpg?imenable=1&impolicy=user-profile-picture&imwidth=100|The Binding of Isaac: Afterbirth|The_Binding_of_Isaac_Afterbirth|https://static-cdn.jtvnw.net/ttv-boxart/The%20Binding%20of%20Isaac:%20Afterbirth-136x190.jpg?imenable=1&impolicy=user-profile-picture&imwidth=100"
"198","Wednesday 26th October 2016 21:15","Thursday 27th October 2016 00:00","12","5460","6448","50","4.17","7945","662.08","The Jackbox Party Pack 3|The_Jackbox_Party_Pack_3|https://static-cdn.jtvnw.net/ttv-boxart/The%20Jackbox%20Party%20Pack%203-136x190.jpg?imenable=1&impolicy=user-profile-picture&imwidth=100|Ultimate Chicken Horse|Ultimate_Chicken_Horse|https://static-cdn.jtvnw.net/ttv-boxart/Ultimate%20Chicken%20Horse-136x190.jpg?imenable=1&impolicy=user-profile-picture&imwidth=100"
"199","Monday 24th October 2016 22:15","Tuesday 25th October 2016 01:00","12","5916","6611","48","4","6637","553.08","Keep Talking and Nobody Explodes|Keep_Talking_and_Nobody_Explodes|https://static-cdn.jtvnw.net/ttv-boxart/Keep%20Talking%20and%20Nobody%20Explodes-136x190.jpg?imenable=1&impolicy=user-profile-picture&imwidth=100|The Jackbox Party Pack 3|The_Jackbox_Party_Pack_3|https://static-cdn.jtvnw.net/ttv-boxart/The%20Jackbox%20Party%20Pack%203-136x190.jpg?imenable=1&impolicy=user-profile-picture&imwidth=100|Who's Your Daddy|Whos_Your_Daddy|https://static-cdn.jtvnw.net/ttv-boxart/Who%27s%20Your%20Daddy-136x190.jpg?imenable=1&impolicy=user-profile-picture&imwidth=100|Ultimate Chicken Horse|Ultimate_Chicken_Horse|https://static-cdn.jtvnw.net/ttv-boxart/Ultimate%20Chicken%20Horse-136x190.jpg?imenable=1&impolicy=user-profile-picture&imwidth=100"
"200","Sunday 23rd October 2016 20:15","Sunday 23rd October 2016 23:30","14","3158","3688","48","3.43","4293","306.64","Grand Theft Auto V|Grand_Theft_Auto_V|https://static-cdn.jtvnw.net/ttv-boxart/Grand%20Theft%20Auto%20V-136x190.jpg?imenable=1&impolicy=user-profile-picture&imwidth=100"